Bin,Count,Count (%),Non-event,Event,Event rate,WoE,IV,JS,feature
"(-inf, 0.76)",99,0.245049505,75,24,0.242424242,-0.243768885,0.015625136,0.00194832,最低温度变化率_0
"[0.76, 0.85)",35,0.086633663,28,7,0.2,0.003091193,8.27E-07,1.03E-07,最低温度变化率_0
"[0.85, 0.96)",41,0.101485149,34,7,0.170731707,0.197247207,0.003716809,0.000463849,最低温度变化率_0
"[0.96, 0.96)",24,0.059405941,23,1,0.041666667,1.752291047,0.10314292,0.011461233,最低温度变化率_0
"[0.96, 1.26)",99,0.245049505,83,16,0.161616162,0.263048717,0.015634322,0.001948675,最低温度变化率_0
"[1.26, 2.59)",71,0.175742574,54,17,0.23943662,-0.227432466,0.009709975,0.001211138,最低温度变化率_0
"[2.59, inf)",35,0.086633663,26,9,0.257142857,-0.322331208,0.009868413,0.001228239,最低温度变化率_0
Special,0,0,0,0,0,0,0,0,最低温度变化率_0
Missing,0,0,0,0,0,0,0,0,最低温度变化率_0
,404,1,323,81,0.20049505,,0.157698401,0.018261558,最低温度变化率_0
"(-inf, 0.34)",150,0.371287129,118,32,0.213333333,-0.078254447,0.002327025,0.000290804,最低温度变化率_1
"[0.34, 0.37)",37,0.091584158,35,2,0.054054054,1.478997712,0.123744448,0.014196408,最低温度变化率_1
"[0.37, 0.41)",59,0.146039604,50,9,0.152542373,0.33159526,0.014486618,0.001802576,最低温度变化率_1
"[0.41, 0.42)",24,0.059405941,20,4,0.166666667,0.226234744,0.002836257,0.000353778,最低温度变化率_1
"[0.42, 0.93)",112,0.277227723,85,27,0.241071429,-0.236388778,0.016588686,0.002068771,最低温度变化率_1
"[0.93, inf)",22,0.054455446,15,7,0.318181818,-0.621063117,0.024830181,0.003054832,最低温度变化率_1
Special,0,0,0,0,0,0,0,0,最低温度变化率_1
Missing,0,0,0,0,0,0,0,0,最低温度变化率_1
,404,1,323,81,0.20049505,,0.184813215,0.02176717,最低温度变化率_1
"(-inf, 0.42)",240,0.594059406,189,51,0.2125,-0.073281786,0.003260329,0.00040745,最低温度变化率_2
"[0.42, 0.43)",23,0.056930693,21,2,0.086956522,0.968172089,0.039040689,0.004697995,最低温度变化率_2
"[0.43, 0.45)",25,0.061881188,24,1,0.04,1.794850662,0.111204867,0.012291558,最低温度变化率_2
"[0.45, inf)",116,0.287128713,89,27,0.232758621,-0.190403665,0.011003721,0.001373391,最低温度变化率_2
Special,0,0,0,0,0,0,0,0,最低温度变化率_2
Missing,0,0,0,0,0,0,0,0,最低温度变化率_2
,404,1,323,81,0.20049505,,0.164509606,0.018770394,最低温度变化率_2
"(-inf, 0.35)",102,0.252475248,78,24,0.235294118,-0.204548172,0.011211332,0.001398978,最低温度变化率_3
"[0.35, 0.36)",21,0.051980198,19,2,0.095238095,0.86808863,0.02962975,0.003591638,最低温度变化率_3
"[0.36, 0.39)",53,0.131188119,48,5,0.094339623,0.87855993,0.076327895,0.009245512,最低温度变化率_3
"[0.39, 0.52)",157,0.388613861,125,32,0.203821656,-0.020625334,0.00016634,2.08E-05,最低温度变化率_3
"[0.52, inf)",71,0.175742574,53,18,0.253521127,-0.303283013,0.01763152,0.002195532,最低温度变化率_3
Special,0,0,0,0,0,0,0,0,最低温度变化率_3
Missing,0,0,0,0,0,0,0,0,最低温度变化率_3
,404,1,323,81,0.20049505,,0.134966837,0.016452452,最低温度变化率_3
"(-inf, 0.42)",129,0.319306931,106,23,0.178294574,0.14474171,0.006400878,0.000799412,最低温度变化率_4
"[0.42, 0.43)",30,0.074257426,28,2,0.066666667,1.255854161,0.07785787,0.009139207,最低温度变化率_4
"[0.43, 0.44)",31,0.076732673,27,4,0.129032258,0.526339336,0.01800534,0.002225043,最低温度变化率_4
"[0.44, 0.56)",133,0.329207921,105,28,0.210526316,-0.061447329,0.001265914,0.000158214,最低温度变化率_4
"[0.56, inf)",81,0.20049505,57,24,0.296296296,-0.518205731,0.062094369,0.007676099,最低温度变化率_4
Special,0,0,0,0,0,0,0,0,最低温度变化率_4
Missing,0,0,0,0,0,0,0,0,最低温度变化率_4
,404,1,323,81,0.20049505,,0.16562437,0.019997975,最低温度变化率_4
"(-inf, 0.35)",62,0.153465347,52,10,0.161290323,0.265455457,0.009963584,0.001241804,最低温度变化率_5
"[0.35, 0.38)",29,0.071782178,28,1,0.034482759,1.949001342,0.144891932,0.015698446,最低温度变化率_5
"[0.38, 0.39)",25,0.061881188,22,3,0.12,0.609226996,0.018931374,0.002330491,最低温度变化率_5
"[0.39, 0.55)",215,0.532178218,171,44,0.204651163,-0.025729246,0.000355015,4.44E-05,最低温度变化率_5
"[0.55, inf)",73,0.180693069,50,23,0.315068493,-0.606674379,0.078353122,0.009646652,最低温度变化率_5
Special,0,0,0,0,0,0,0,0,最低温度变化率_5
Missing,0,0,0,0,0,0,0,0,最低温度变化率_5
,404,1,323,81,0.20049505,,0.252495027,0.028961769,最低温度变化率_5
"(-inf, 0.39)",59,0.146039604,47,12,0.203389831,-0.017962217,4.74E-05,5.92E-06,最低温度变化率_6
"[0.39, 0.44)",61,0.150990099,51,10,0.163934426,0.246037371,0.008473022,0.001056464,最低温度变化率_6
"[0.44, 0.48)",51,0.126237624,43,8,0.156862745,0.298555405,0.010258812,0.00127761,最低温度变化率_6
"[0.48, 0.51)",27,0.066831683,23,4,0.148148148,0.365996686,0.007987773,0.000992936,最低温度变化率_6
"[0.51, 0.52)",24,0.059405941,23,1,0.041666667,1.752291047,0.10314292,0.011461233,最低温度变化率_6
"[0.52, inf)",182,0.45049505,136,46,0.252747253,-0.299189679,0.043935586,0.005471556,最低温度变化率_6
Special,0,0,0,0,0,0,0,0,最低温度变化率_6
Missing,0,0,0,0,0,0,0,0,最低温度变化率_6
,404,1,323,81,0.20049505,,0.173845486,0.02026572,最低温度变化率_6
"(-inf, 0.46)",182,0.45049505,149,33,0.181318681,0.124235576,0.006695416,0.000836389,最低温度变化率_7
"[0.46, 0.54)",92,0.227722772,78,14,0.152173913,0.334448329,0.022958728,0.00285654,最低温度变化率_7
"[0.54, 0.56)",26,0.064356436,25,1,0.038461538,1.835672656,0.119417302,0.013131081,最低温度变化率_7
"[0.56, 0.70)",83,0.205445545,58,25,0.301204819,-0.541635983,0.069911888,0.008633706,最低温度变化率_7
"[0.70, inf)",21,0.051980198,13,8,0.380952381,-0.897695353,0.052531116,0.006354425,最低温度变化率_7
Special,0,0,0,0,0,0,0,0,最低温度变化率_7
Missing,0,0,0,0,0,0,0,0,最低温度变化率_7
,404,1,323,81,0.20049505,,0.271514449,0.03181214,最低温度变化率_7
"(-inf, 0.32)",26,0.064356436,21,5,0.192307692,0.051881357,0.000170538,2.13E-05,最低温度变化率_8
"[0.32, 0.36)",34,0.084158416,32,2,0.058823529,1.389385554,0.103342288,0.01196973,最低温度变化率_8
"[0.36, 0.40)",35,0.086633663,34,1,0.028571429,2.143157356,0.199136778,0.0210093,最低温度变化率_8
"[0.40, 0.42)",25,0.061881188,22,3,0.12,0.609226996,0.018931374,0.002330491,最低温度变化率_8
"[0.42, inf)",284,0.702970297,214,70,0.246478873,-0.265722396,0.053585268,0.006678522,最低温度变化率_8
Special,0,0,0,0,0,0,0,0,最低温度变化率_8
Missing,0,0,0,0,0,0,0,0,最低温度变化率_8
,404,1,323,81,0.20049505,,0.375166247,0.042009357,最低温度变化率_8
"(-inf, 0.34)",27,0.066831683,22,5,0.185185185,0.098401372,0.000628102,7.85E-05,最低温度变化率_9
"[0.34, 0.42)",76,0.188118812,63,13,0.171052632,0.1949822,0.006737144,0.000840812,最低温度变化率_9
"[0.42, 0.49)",76,0.188118812,63,13,0.171052632,0.1949822,0.006737144,0.000840812,最低温度变化率_9
"[0.49, 0.51)",31,0.076732673,30,1,0.032258065,2.017994213,0.162516294,0.017445395,最低温度变化率_9
"[0.51, 0.54)",24,0.059405941,22,2,0.083333333,1.014692104,0.04405803,0.005282522,最低温度变化率_9
"[0.54, 0.56)",21,0.051980198,18,3,0.142857143,0.408556301,0.007636129,0.000947932,最低温度变化率_9
"[0.56, 0.62)",50,0.123762376,36,14,0.28,-0.43874156,0.026931886,0.003339742,最低温度变化率_9
"[0.62, inf)",99,0.245049505,69,30,0.303030303,-0.550294046,0.086257535,0.010648173,最低温度变化率_9
Special,0,0,0,0,0,0,0,0,最低温度变化率_9
Missing,0,0,0,0,0,0,0,0,最低温度变化率_9
,404,1,323,81,0.20049505,,0.341502264,0.039423869,最低温度变化率_9
"(-inf, 0.38)",37,0.091584158,32,5,0.135135135,0.473094822,0.017666691,0.00218797,最低温度变化率_10
"[0.38, 0.44)",62,0.153465347,58,4,0.064516129,1.290945481,0.16806025,0.019660445,最低温度变化率_10
"[0.44, 0.50)",75,0.185643564,61,14,0.186666667,0.088613366,0.001419142,0.000177335,最低温度变化率_10
"[0.50, 0.79)",208,0.514851485,157,51,0.245192308,-0.258782996,0.03715128,0.004630995,最低温度变化率_10
"[0.79, inf)",22,0.054455446,15,7,0.318181818,-0.621063117,0.024830181,0.003054832,最低温度变化率_10
Special,0,0,0,0,0,0,0,0,最低温度变化率_10
Missing,0,0,0,0,0,0,0,0,最低温度变化率_10
,404,1,323,81,0.20049505,,0.249127543,0.029711577,最低温度变化率_10
"(-inf, 0.52)",166,0.410891089,134,32,0.192771084,0.048900729,0.000968183,0.000121011,最低温度变化率_11
"[0.52, 0.54)",21,0.051980198,19,2,0.095238095,0.86808863,0.02962975,0.003591638,最低温度变化率_11
"[0.54, 0.56)",28,0.069306931,27,1,0.035714286,1.912633697,0.136266835,0.014835095,最低温度变化率_11
"[0.56, 0.58)",29,0.071782178,24,5,0.172413793,0.185412749,0.002331567,0.000291029,最低温度变化率_11
"[0.58, 0.65)",49,0.121287129,38,11,0.224489796,-0.143512282,0.002605524,0.000325411,最低温度变化率_11
"[0.65, 0.81)",78,0.193069307,58,20,0.256410256,-0.318492432,0.021449515,0.002669914,最低温度变化率_11
"[0.81, inf)",33,0.081683168,23,10,0.303030303,-0.550294046,0.028752512,0.003549391,最低温度变化率_11
Special,0,0,0,0,0,0,0,0,最低温度变化率_11
Missing,0,0,0,0,0,0,0,0,最低温度变化率_11
,404,1,323,81,0.20049505,,0.222003887,0.02538349,最低温度变化率_11
"(-inf, 0.49)",97,0.24009901,80,17,0.175257732,0.165610122,0.006260307,0.000781645,最低温度变化率_12
"[0.49, 0.53)",42,0.103960396,37,5,0.119047619,0.618276832,0.032659045,0.004018575,最低温度变化率_12
"[0.53, 0.54)",25,0.061881188,24,1,0.04,1.794850662,0.111204867,0.012291558,最低温度变化率_12
"[0.54, 0.76)",177,0.438118812,145,32,0.18079096,0.127794671,0.006882341,0.000859708,最低温度变化率_12
"[0.76, inf)",63,0.155940594,37,26,0.412698413,-1.030381794,0.212708484,0.025471457,最低温度变化率_12
Special,0,0,0,0,0,0,0,0,最低温度变化率_12
Missing,0,0,0,0,0,0,0,0,最低温度变化率_12
,404,1,323,81,0.20049505,,0.369715043,0.043422944,最低温度变化率_12
"(-inf, 0.53)",120,0.297029703,105,15,0.125,0.562706981,0.078718325,0.009711992,最低温度变化率_13
"[0.53, 0.56)",28,0.069306931,27,1,0.035714286,1.912633697,0.136266835,0.014835095,最低温度变化率_13
"[0.56, 0.70)",121,0.29950495,102,19,0.157024793,0.297330666,0.024149664,0.003007637,最低温度变化率_13
"[0.70, 0.76)",47,0.116336634,34,13,0.276595745,-0.421792001,0.023295855,0.002890586,最低温度变化率_13
"[0.76, inf)",88,0.217821782,55,33,0.375,-0.872377545,0.206865814,0.025068243,最低温度变化率_13
Special,0,0,0,0,0,0,0,0,最低温度变化率_13
Missing,0,0,0,0,0,0,0,0,最低温度变化率_13
,404,1,323,81,0.20049505,,0.469296493,0.055513554,最低温度变化率_13
"(-inf, 0.43)",25,0.061881188,17,8,0.32,-0.629431366,0.029038094,0.003571005,最低温度变化率_14
"[0.43, 0.47)",23,0.056930693,18,5,0.217391304,-0.102269323,0.000613702,7.67E-05,最低温度变化率_14
"[0.47, 0.52)",41,0.101485149,39,2,0.048780488,1.587211297,0.152454305,0.017278723,最低温度变化率_14
"[0.52, 0.56)",38,0.094059406,33,5,0.131578947,0.50386648,0.02037575,0.002520363,最低温度变化率_14
"[0.56, 0.81)",202,0.5,172,30,0.148514851,0.363093927,0.058871094,0.007318727,最低温度变化率_14
"[0.81, inf)",75,0.185643564,44,31,0.413333333,-1.033000739,0.254627595,0.030484731,最低温度变化率_14
Special,0,0,0,0,0,0,0,0,最低温度变化率_14
Missing,0,0,0,0,0,0,0,0,最低温度变化率_14
,404,1,323,81,0.20049505,,0.51598054,0.061250229,最低温度变化率_14
"(-inf, 0.46)",39,0.096534653,38,1,0.025641026,2.254382991,0.23738964,0.024650152,最低温度变化率_15
"[0.46, 0.60)",105,0.25990099,88,17,0.161904762,0.260920302,0.016325595,0.00203493,最低温度变化率_15
"[0.60, 0.87)",203,0.502475248,161,42,0.206896552,-0.039468422,0.000791993,9.90E-05,最低温度变化率_15
"[0.87, 0.97)",34,0.084158416,24,10,0.294117647,-0.507734431,0.024956866,0.003086525,最低温度变化率_15
"[0.97, inf)",23,0.056930693,12,11,0.47826087,-1.296191792,0.127870314,0.014951138,最低温度变化率_15
Special,0,0,0,0,0,0,0,0,最低温度变化率_15
Missing,0,0,0,0,0,0,0,0,最低温度变化率_15
,404,1,323,81,0.20049505,,0.407334407,0.044821739,最低温度变化率_15
"(-inf, 0.46)",39,0.096534653,30,9,0.230769231,-0.179230364,0.003267702,0.000407917,最低温度变化率_16
"[0.46, 0.54)",60,0.148514851,51,9,0.15,0.351397887,0.016439667,0.00204445,最低温度变化率_16
"[0.54, 0.57)",23,0.056930693,22,1,0.043478261,1.707839285,0.095238983,0.01064086,最低温度变化率_16
"[0.57, 0.59)",21,0.051980198,19,2,0.095238095,0.86808863,0.02962975,0.003591638,最低温度变化率_16
"[0.59, 0.67)",81,0.20049505,68,13,0.160493827,0.271355179,0.013576575,0.001691884,最低温度变化率_16
"[0.67, 0.83)",102,0.252475248,83,19,0.18627451,0.09119846,0.002042667,0.000255245,最低温度变化率_16
"[0.83, 0.93)",41,0.101485149,31,10,0.243902439,-0.251801057,0.006919885,0.000862708,最低温度变化率_16
"[0.93, inf)",37,0.091584158,19,18,0.486486486,-1.329135947,0.217179076,0.025310467,最低温度变化率_16
Special,0,0,0,0,0,0,0,0,最低温度变化率_16
Missing,0,0,0,0,0,0,0,0,最低温度变化率_16
,404,1,323,81,0.20049505,,0.384294306,0.044805169,最低温度变化率_16
"(-inf, 0.46)",46,0.113861386,35,11,0.239130435,-0.22575038,0.006195344,0.000772778,最低温度变化率_17
"[0.46, 0.51)",22,0.054455446,21,1,0.045454545,1.661319269,0.087501355,0.009831294,最低温度变化率_17
"[0.51, 0.54)",22,0.054455446,18,4,0.181818182,0.120874228,0.000766927,9.58E-05,最低温度变化率_17
"[0.54, 0.62)",70,0.173267327,57,13,0.185714286,0.094898742,0.001516175,0.000189451,最低温度变化率_17
"[0.62, 0.88)",173,0.428217822,138,35,0.202312139,-0.011297545,5.48E-05,6.86E-06,最低温度变化率_17
"[0.88, inf)",71,0.175742574,54,17,0.23943662,-0.227432466,0.009709975,0.001211138,最低温度变化率_17
Special,0,0,0,0,0,0,0,0,最低温度变化率_17
Missing,0,0,0,0,0,0,0,0,最低温度变化率_17
,404,1,323,81,0.20049505,,0.105744615,0.012107322,最低温度变化率_17
"(-inf, 0.47)",43,0.106435644,34,9,0.209302326,-0.054067221,0.000316183,3.95E-05,最低温度变化率_18
"[0.47, 0.58)",64,0.158415842,53,11,0.171875,0.189193472,0.005351189,0.000667903,最低温度变化率_18
"[0.58, 0.63)",36,0.089108911,33,3,0.083333333,1.014692104,0.066087045,0.007923784,最低温度变化率_18
"[0.63, 0.82)",141,0.349009901,113,28,0.19858156,0.01198014,4.99E-05,6.24E-06,最低温度变化率_18
"[0.82, 0.89)",37,0.091584158,29,8,0.216216216,-0.09534888,0.000856438,0.000107014,最低温度变化率_18
"[0.89, inf)",83,0.205445545,61,22,0.265060241,-0.363371758,0.030069176,0.003738104,最低温度变化率_18
Special,0,0,0,0,0,0,0,0,最低温度变化率_18
Missing,0,0,0,0,0,0,0,0,最低温度变化率_18
,404,1,323,81,0.20049505,,0.102729942,0.012482561,最低温度变化率_18
"(-inf, 0.51)",60,0.148514851,49,11,0.183333333,0.110721857,0.001760513,0.000219952,最低温度变化率_19
"[0.51, 0.63)",66,0.163366337,54,12,0.181818182,0.120874228,0.002300782,0.000287423,最低温度变化率_19
"[0.63, 0.66)",24,0.059405941,23,1,0.041666667,1.752291047,0.10314292,0.011461233,最低温度变化率_19
"[0.66, 0.68)",24,0.059405941,21,3,0.125,0.562706981,0.015743665,0.001942398,最低温度变化率_19
"[0.68, inf)",230,0.569306931,176,54,0.234782609,-0.20170322,0.024562415,0.003065108,最低温度变化率_19
Special,0,0,0,0,0,0,0,0,最低温度变化率_19
Missing,0,0,0,0,0,0,0,0,最低温度变化率_19
,404,1,323,81,0.20049505,,0.147510295,0.016976114,最低温度变化率_19
"(-inf, 0.50)",51,0.126237624,38,13,0.254901961,-0.310566366,0.013306765,0.001656693,最低温度变化率_20
"[0.50, 0.57)",40,0.099009901,39,1,0.025,2.280358478,0.247184828,0.025570565,最低温度变化率_20
"[0.57, 0.76)",116,0.287128713,101,15,0.129310345,0.523867147,0.066797416,0.008255491,最低温度变化率_20
"[0.76, 0.82)",44,0.108910891,37,7,0.159090909,0.281804595,0.007927538,0.000987676,最低温度变化率_20
"[0.82, 0.88)",30,0.074257426,23,7,0.233333333,-0.193619102,0.002945396,0.000367601,最低温度变化率_20
"[0.88, 1.01)",57,0.141089109,40,17,0.298245614,-0.527537058,0.045387988,0.005608613,最低温度变化率_20
"[1.01, inf)",66,0.163366337,45,21,0.318181818,-0.621063117,0.074490542,0.009164497,最低温度变化率_20
Special,0,0,0,0,0,0,0,0,最低温度变化率_20
Missing,0,0,0,0,0,0,0,0,最低温度变化率_20
,404,1,323,81,0.20049505,,0.458040473,0.051611136,最低温度变化率_20
"(-inf, 0.47)",25,0.061881188,22,3,0.12,0.609226996,0.018931374,0.002330491,最低温度变化率_21
"[0.47, 0.52)",25,0.061881188,24,1,0.04,1.794850662,0.111204867,0.012291558,最低温度变化率_21
"[0.52, 0.68)",95,0.235148515,83,12,0.126315789,0.550730789,0.059929311,0.007397906,最低温度变化率_21
"[0.68, 0.81)",84,0.207920792,69,15,0.178571429,0.142853135,0.00406233,0.00050736,最低温度变化率_21
"[0.81, 0.99)",67,0.165841584,55,12,0.179104478,0.139223367,0.003081081,0.000384824,最低温度变化率_21
"[0.99, 1.06)",35,0.086633663,24,11,0.314285714,-0.603044611,0.037086679,0.004566843,最低温度变化率_21
"[1.06, inf)",73,0.180693069,46,27,0.369863014,-0.850398638,0.162356809,0.019704366,最低温度变化率_21
Special,0,0,0,0,0,0,0,0,最低温度变化率_21
Missing,0,0,0,0,0,0,0,0,最低温度变化率_21
,404,1,323,81,0.20049505,,0.396652451,0.047183348,最低温度变化率_21
"(-inf, 0.54)",48,0.118811881,43,5,0.104166667,0.768559035,0.054873993,0.006695264,最低温度变化率_22
"[0.54, 0.62)",51,0.126237624,50,1,0.019607843,2.528819837,0.360238181,0.035905154,最低温度变化率_22
"[0.62, 0.86)",130,0.321782178,114,16,0.123076923,0.580406558,0.090201164,0.011119502,最低温度变化率_22
"[0.86, 1.01)",68,0.168316832,53,15,0.220588235,-0.120961456,0.002552105,0.000318819,最低温度变化率_22
"[1.01, inf)",107,0.264851485,63,44,0.411214953,-1.024258076,0.356609212,0.042724406,最低温度变化率_22
Special,0,0,0,0,0,0,0,0,最低温度变化率_22
Missing,0,0,0,0,0,0,0,0,最低温度变化率_22
,404,1,323,81,0.20049505,,0.864474655,0.096763145,最低温度变化率_22
"(-inf, 0.60)",71,0.175742574,60,11,0.154929577,0.313246121,0.015648537,0.001948109,最低温度变化率_23
"[0.60, 0.72)",67,0.165841584,57,10,0.149253731,0.357263006,0.018939869,0.002354973,最低温度变化率_23
"[0.72, 0.82)",53,0.131188119,49,4,0.075471698,1.122322768,0.114836145,0.013645605,最低温度变化率_23
"[0.82, 0.86)",21,0.051980198,19,2,0.095238095,0.86808863,0.02962975,0.003591638,最低温度变化率_23
"[0.86, 1.03)",89,0.22029703,75,14,0.157303371,0.295227615,0.017524309,0.002182618,最低温度变化率_23
"[1.03, 1.24)",64,0.158415842,40,24,0.375,-0.872377545,0.150447865,0.01823145,最低温度变化率_23
"[1.24, inf)",39,0.096534653,23,16,0.41025641,-1.020297675,0.128887506,0.015446583,最低温度变化率_23
Special,0,0,0,0,0,0,0,0,最低温度变化率_23
Missing,0,0,0,0,0,0,0,0,最低温度变化率_23
,404,1,323,81,0.20049505,,0.47591398,0.057400975,最低温度变化率_23
"(-inf, 0.57)",48,0.118811881,41,7,0.145833333,0.384458749,0.015576435,0.001935151,最低温度变化率_24
"[0.57, 0.62)",24,0.059405941,23,1,0.041666667,1.752291047,0.10314292,0.011461233,最低温度变化率_24
"[0.62, 0.84)",114,0.282178218,97,17,0.149122807,0.358294466,0.032401663,0.004028682,最低温度变化率_24
"[0.84, 1.06)",122,0.301980198,101,21,0.172131148,0.187394911,0.010013304,0.001249835,最低温度变化率_24
"[1.06, 1.24)",46,0.113861386,30,16,0.347826087,-0.754594509,0.078969528,0.009643463,最低温度变化率_24
"[1.24, inf)",50,0.123762376,31,19,0.38,-0.893654943,0.123854024,0.014986316,最低温度变化率_24
Special,0,0,0,0,0,0,0,0,最低温度变化率_24
Missing,0,0,0,0,0,0,0,0,最低温度变化率_24
,404,1,323,81,0.20049505,,0.363957874,0.043304678,最低温度变化率_24
"(-inf, 0.60)",52,0.128712871,42,10,0.192307692,0.051881357,0.000341077,4.26E-05,最低温度变化率_25
"[0.60, 0.71)",50,0.123762376,41,9,0.18,0.133144321,0.002106859,0.000263163,最低温度变化率_25
"[0.71, 0.81)",43,0.106435644,39,4,0.093023256,0.894064116,0.0638007,0.007719649,最低温度变化率_25
"[0.81, 0.84)",22,0.054455446,21,1,0.045454545,1.661319269,0.087501355,0.009831294,最低温度变化率_25
"[0.84, 0.92)",54,0.133663366,48,6,0.111111111,0.696238373,0.051892552,0.00635865,最低温度变化率_25
"[0.92, 1.08)",70,0.173267327,57,13,0.185714286,0.094898742,0.001516175,0.000189451,最低温度变化率_25
"[1.08, inf)",113,0.27970297,75,38,0.336283186,-0.703301215,0.166638544,0.020410866,最低温度变化率_25
Special,0,0,0,0,0,0,0,0,最低温度变化率_25
Missing,0,0,0,0,0,0,0,0,最低温度变化率_25
,404,1,323,81,0.20049505,,0.373797261,0.044815701,最低温度变化率_25
