index,water_per_diff,water_per_shift_diff,water_per_diff_前1天,water_per_diff_前2天,water_per_diff_前3天,water_per_diff_前5天,water_per_diff_前7天,water_per_shift_diff_前1天,water_per_shift_diff_前2天,water_per_shift_diff_前3天,water_per_shift_diff_前5天,water_per_shift_diff_前7天,Age_interval
count,870.0,870.0,872.0,872.0,872.0,872.0,872.0,872.0,872.0,872.0,872.0,871.0,34 - 35日龄
mean,-47.42,-8.58,-38.95,-31.56,-24.8,-17.46,-13.06,-7.4,-6.76,-3.63,-2.06,-4.45,34 - 35日龄
std,64.92,33.56,49.69,44.76,39.9,29.53,19.55,17.8,17.9,16.29,20.38,12.45,34 - 35日龄
min,-358.0,-319.75,-354.0,-348.0,-340.0,-328.0,-71.58,-70.12,-70.12,-60.84,-308.65,-47.55,34 - 35日龄
25%,-75.4,-16.51,-65.06,-52.63,-42.07,-31.83,-27.49,-17.83,-17.23,-13.61,-10.14,-11.54,34 - 35日龄
50%,-33.54,-3.54,-29.99,-25.19,-18.94,-15.67,-12.8,-5.94,-5.24,-2.47,-0.37,-4.35,34 - 35日龄
75%,-7.88,6.9,-5.28,-2.76,-0.95,-0.13,0.46,5.0,5.65,6.85,7.93,2.96,34 - 35日龄
max,62.65,56.75,69.44,69.44,65.92,63.93,39.69,40.32,71.56,66.76,46.79,50.76,34 - 35日龄
count,1226.0,1226.0,1226.0,1226.0,1226.0,1225.0,1221.0,1226.0,1226.0,1226.0,1224.0,1210.0,31 - 33日龄
mean,-27.94,-5.05,-22.89,-19.04,-16.81,-10.77,-3.3,-3.82,-2.2,-3.22,-4.71,-1.38,31 - 33日龄
std,42.37,16.76,37.74,32.2,26.77,19.12,15.78,19.74,18.84,18.35,12.08,10.4,31 - 33日龄
min,-348.0,-70.12,-340.0,-334.0,-328.0,-71.58,-57.69,-308.65,-308.65,-308.65,-47.55,-45.27,31 - 33日龄
25%,-45.32,-14.8,-37.7,-33.07,-31.0,-23.82,-14.18,-12.89,-10.71,-11.01,-11.8,-7.94,31 - 33日龄
50%,-21.39,-3.74,-18.28,-16.2,-15.33,-10.33,-2.5,-2.35,-1.13,-2.41,-4.62,-1.23,31 - 33日龄
75%,-2.08,5.89,-1.06,-0.65,-0.41,2.39,7.7,6.7,7.27,6.2,2.39,5.4,31 - 33日龄
max,69.44,66.76,65.92,65.92,63.93,50.98,50.98,66.76,66.76,46.79,60.92,60.92,31 - 33日龄
count,572.0,572.0,572.0,572.0,571.0,569.0,558.0,572.0,571.0,570.0,563.0,549.0,10 - 12日龄
mean,-6.45,0.65,-7.1,-4.71,-2.54,-1.77,-0.59,-2.28,-2.08,-1.67,-0.79,0.33,10 - 12日龄
std,8.76,6.94,8.45,8.96,7.74,4.63,3.6,8.58,8.19,7.23,3.9,3.25,10 - 12日龄
min,-32.48,-16.04,-32.48,-32.48,-28.55,-16.54,-13.91,-27.99,-27.99,-27.99,-14.05,-14.05,10 - 12日龄
25%,-12.21,-3.17,-12.73,-10.17,-6.95,-4.84,-2.24,-7.31,-7.13,-4.66,-2.59,-0.94,10 - 12日龄
50%,-6.8,0.15,-6.98,-3.26,-1.79,-1.15,-0.2,-2.57,-1.47,-0.68,-0.51,-0.02,10 - 12日龄
75%,-1.1,4.86,-1.17,0.92,1.88,0.75,0.98,2.41,3.71,2.75,0.42,1.78,10 - 12日龄
max,29.46,26.68,26.83,20.41,20.41,14.82,14.95,26.68,17.74,17.74,28.46,17.82,10 - 12日龄
count,665.0,665.0,665.0,663.0,663.0,663.0,661.0,663.0,663.0,663.0,662.0,660.0,13 - 15日龄
mean,-2.59,1.76,-4.35,-5.6,-5.78,-4.27,-0.69,1.23,0.18,0.91,-2.03,1.04,13 - 15日龄
std,9.34,6.18,9.03,9.08,8.8,8.63,5.49,6.35,6.63,7.06,7.87,4.43,13 - 15日龄
min,-27.29,-15.26,-27.29,-27.29,-32.48,-32.48,-16.54,-15.26,-15.26,-16.04,-27.99,-10.96,13 - 15日龄
25%,-9.3,-2.57,-10.33,-11.72,-11.51,-9.25,-3.95,-3.08,-4.07,-3.14,-6.49,-0.9,13 - 15日龄
50%,-2.48,2.15,-4.16,-6.06,-6.07,-2.82,-0.43,0.84,-0.36,0.3,-1.45,0.14,13 - 15日龄
75%,3.79,6.1,1.67,0.27,-0.58,1.08,1.64,6.02,3.72,5.44,3.39,2.72,13 - 15日龄
max,27.18,17.31,29.46,29.46,29.46,20.41,20.23,18.3,26.68,26.68,17.74,28.46,13 - 15日龄
count,758.0,758.0,758.0,755.0,752.0,747.0,747.0,755.0,752.0,749.0,747.0,747.0,16 - 18日龄
mean,-5.54,-5.16,-0.38,0.07,-2.05,-5.52,-6.03,-0.42,2.1,1.94,-0.11,-2.02,16 - 18日龄
std,11.71,8.22,8.96,8.75,9.43,9.09,8.45,5.75,6.07,6.24,6.62,8.24,16 - 18日龄
min,-43.52,-34.94,-27.7,-26.7,-27.29,-28.08,-32.48,-19.8,-19.8,-15.26,-17.07,-27.99,16 - 18日龄
25%,-12.3,-11.04,-6.29,-5.93,-8.64,-11.72,-11.51,-4.02,-1.53,-2.26,-4.44,-6.69,16 - 18日龄
50%,-4.52,-4.6,-0.78,-0.61,-2.23,-5.78,-6.01,-0.34,2.53,2.38,-0.52,-2.36,16 - 18日龄
75%,1.45,-0.11,5.31,5.76,4.4,0.4,-0.5,3.24,6.09,6.18,3.44,2.81,16 - 18日龄
max,74.29,75.81,36.17,33.85,28.24,29.46,26.83,19.33,20.74,20.74,26.68,26.68,16 - 18日龄
count,881.0,881.0,881.0,879.0,875.0,870.0,864.0,879.0,875.0,873.0,867.0,862.0,19 - 21日龄
mean,-10.68,2.41,-13.08,-10.18,-5.27,0.13,-3.83,-2.92,-4.91,-5.16,2.15,1.33,19 - 21日龄
std,13.24,8.57,12.44,12.57,11.85,8.95,9.26,10.11,9.17,8.21,6.09,6.6,19 - 21日龄
min,-48.8,-83.91,-48.8,-43.52,-43.52,-29.25,-28.08,-83.91,-83.91,-34.94,-19.8,-17.07,19 - 21日龄
25%,-19.52,-2.55,-21.24,-18.52,-12.56,-6.19,-10.23,-10.11,-11.12,-10.8,-1.61,-3.08,19 - 21日龄
50%,-11.26,2.27,-13.55,-10.22,-4.5,-0.18,-3.77,-2.54,-4.53,-4.61,2.53,0.95,19 - 21日龄
75%,-2.36,7.13,-5.46,-2.08,2.07,6.01,2.43,3.53,0.38,-0.12,6.11,6.08,19 - 21日龄
max,52.38,33.8,74.29,74.29,74.29,33.85,29.46,75.81,75.81,75.81,20.74,20.95,19 - 21日龄
count,966.0,966.0,966.0,966.0,966.0,962.0,956.0,966.0,966.0,964.0,958.0,953.0,22 - 24日龄
mean,-2.65,1.22,-3.87,-6.67,-10.57,-10.02,-0.14,2.8,3.98,2.5,-4.71,-0.26,22 - 24日龄
std,15.09,9.08,14.64,13.84,13.14,12.56,9.37,8.94,7.88,8.54,9.21,5.8,22 - 24日龄
min,-57.69,-40.32,-52.95,-48.8,-48.8,-43.52,-29.25,-40.32,-22.62,-83.91,-83.91,-19.8,22 - 24日龄
25%,-12.14,-4.54,-13.61,-16.4,-19.44,-18.33,-6.28,-2.54,-0.62,-2.54,-10.79,-3.92,22 - 24日龄
50%,-1.97,1.59,-3.78,-6.89,-11.04,-10.03,-0.61,3.39,4.27,2.42,-4.46,-0.2,22 - 24日龄
75%,7.76,6.95,5.88,1.94,-2.22,-1.98,5.94,8.14,8.4,7.27,0.52,3.38,22 - 24日龄
max,58.89,29.26,58.89,52.38,52.38,74.29,36.17,33.8,66.83,37.42,75.81,20.74,22 - 24日龄
count,1043.0,1043.0,1043.0,1043.0,1043.0,1043.0,1041.0,1043.0,1043.0,1043.0,1043.0,1039.0,25 - 27日龄
mean,-4.71,-2.13,-2.58,-1.66,-2.65,-6.75,-12.82,-0.92,0.99,1.41,3.85,-2.96,25 - 27日龄
std,17.16,11.8,15.91,15.47,15.0,13.73,12.31,10.52,9.61,9.21,7.79,10.01,25 - 27日龄
min,-61.31,-47.55,-57.69,-57.69,-57.69,-48.8,-48.8,-45.27,-40.32,-40.32,-22.62,-83.91,25 - 27日龄
25%,-16.36,-9.54,-13.83,-11.63,-12.13,-16.33,-20.78,-7.59,-5.23,-4.22,-0.75,-10.01,25 - 27日龄
50%,-3.97,-1.8,-1.48,-0.74,-1.91,-6.39,-13.24,-0.66,1.16,1.81,4.02,-2.58,25 - 27日龄
75%,7.83,5.33,8.73,9.39,7.69,1.69,-4.87,5.96,7.08,6.96,8.18,3.32,25 - 27日龄
max,50.98,60.92,50.98,58.89,58.89,52.38,74.29,60.92,29.26,66.83,66.83,75.81,25 - 27日龄
count,1118.0,1118.0,1118.0,1117.0,1116.0,1115.0,1115.0,1117.0,1116.0,1115.0,1115.0,1115.0,28 - 30日龄
mean,-15.15,-2.75,-12.4,-10.06,-5.51,-2.19,-3.84,-2.33,-4.55,-2.34,0.57,2.72,28 - 30日龄
std,26.22,18.83,20.53,18.82,17.26,15.46,14.36,13.15,12.24,11.53,9.57,8.93,28 - 30日龄
min,-328.0,-308.65,-82.19,-71.58,-61.31,-57.69,-52.95,-47.55,-47.55,-47.55,-40.32,-40.32,28 - 30日龄
25%,-29.65,-10.68,-26.91,-22.95,-17.22,-12.14,-13.29,-10.32,-11.8,-9.59,-5.82,-2.47,28 - 30日龄
50%,-14.13,-2.21,-12.05,-9.89,-5.03,-1.29,-3.49,-2.37,-4.57,-2.06,0.74,3.17,28 - 30日龄
75%,0.17,6.5,0.88,3.04,7.29,8.73,5.76,6.12,2.69,4.73,6.82,7.67,28 - 30日龄
max,63.93,46.79,63.93,50.98,50.98,58.89,58.89,50.76,60.92,60.92,31.46,66.83,28 - 30日龄
