Bin,Count,Count (%),Non-event,Event,Event rate,WoE,IV,JS,feature,MORTALITY_RATE,Unnamed: 11
"[-inf, 10.15)",210,0.5198019801980198,152,58,0.2761904761904762,-0.41976565825036066,0.10303616012245598,0.012785786,W3_0-2天_外部-平均_MEAN,0.100247549,
"[10.15, 12.55)",53,0.1311881188118812,45,8,0.1509433962264151,0.344017779540266,0.013951108974208702,0.00173534,W3_0-2天_外部-平均_MEAN,0.085784116,
"[12.55, 15.05)",42,0.10396039603960396,37,5,0.11904761904761904,0.6182768316599064,0.03265904450384095,0.004018575,W3_0-2天_外部-平均_MEAN,0.075874158,
"[15.05, 16.05)",24,0.0594059405940594,23,1,0.041666666666666664,1.7522910473789322,0.10314291988547016,0.011461233,W3_0-2天_外部-平均_MEAN,0.068712281,
"[16.05, inf)",75,0.18564356435643564,66,9,0.12,0.6092269961399884,0.056794123135169204,0.006991474,W3_0-2天_外部-平均_MEAN,0.078297616,
,404,1.0,323,81,0.2004950495049505,,0.30958335662114495,0.036992408,W3_0-2天_外部-平均_MEAN,0.08986800499504952,
"[-inf, 1.25)",32,0.07920792079207921,29,3,0.09375,0.8854803727681466,0.046705764416161845,0.005654664,W3_3-5天_外部-平均_MEAN,0.082962474,
"[1.25, 6.45)",139,0.34405940594059403,101,38,0.2733812949640288,-0.40566881143534406,0.06346376352883319,0.009350855,W3_3-5天_外部-平均_MEAN,0.09757985227338128,
"[6.45, 9.75)",58,0.14356435643564355,35,23,0.39655172413793105,-0.9633493229899537,0.16915593738546217,0.021057244,W3_3-5天_外部-平均_MEAN,0.1093230521724138,
"[9.75, 11.25)",47,0.11633663366336634,40,7,0.14893617021276595,0.3597661365084053,0.013462181234633979,0.001673756,W3_3-5天_外部-平均_MEAN,0.091851508,
"[11.25, inf)",128,0.31683168316831684,118,10,0.078125,1.0848963629214015,0.26240202517167865,0.031314488,W3_3-5天_外部-平均_MEAN,0.07367591775,
,404,1.0,323,81,0.2004950495049505,,0.5551896717367699,0.069051007,W3_3-5天_外部-平均_MEAN,0.08986800497029704,
"[-inf, 6.95)",211,0.5222772277227723,147,64,0.3033175355450237,-0.5516536651311533,0.18481230649675337,0.024716197,W3_6-8天_外部-平均_MEAN,0.10460718644549763,
"[6.95, 9.35)",65,0.1608910891089109,57,8,0.12307692307692308,0.5804065576044967,0.045100582181322554,0.005559751,W3_6-8天_外部-平均_MEAN,0.073653995,
"[9.35, 17.65)",100,0.24752475247524752,97,3,0.03,2.0928955212850555,0.5510019627187809,0.0585419,W3_6-8天_外部-平均_MEAN,0.068182669,
"[17.65, inf)",28,0.06930693069306931,22,6,0.21428571428571427,-0.08392018441995697,0.000500384083228731,6.25e-05,W3_6-8天_外部-平均_MEAN,0.093885043,
,404,1.0,323,81,0.2004950495049505,,0.7814152354800855,0.088880348,W3_6-8天_外部-平均_MEAN,0.08986800524504951,
"[-inf, 5.95)",197,0.4876237623762376,132,65,0.3299492385786802,-0.6747885158594842,0.26573199093759375,0.032600306,W3_9-11天_外部-平均_MEAN,0.107699665,
"[5.95, 8.15)",59,0.14603960396039603,54,5,0.0847457627118644,0.9963429655799563,0.1050686175910675,0.012615948,W3_9-11天_外部-平均_MEAN,0.077403425,
"[8.15, 15.95)",125,0.3094059405940594,121,4,0.032,2.026293015926633,0.6590118592103245,0.070879347,W3_9-11天_外部-平均_MEAN,0.064799739496,
"[15.95, inf)",23,0.05693069306930693,16,7,0.30434782608695654,-0.5565245953657498,0.020526936304244486,0.002533259,W3_9-11天_外部-平均_MEAN,0.105350897,
,404,1.0,323,81,0.2004950495049505,,1.0503394040432301,0.11862885999999999,W3_9-11天_外部-平均_MEAN,0.08986800531683169,
"(-inf, 2.15)",54,0.133663366,40,14,0.259259259,-0.333381044,0.016335837,0.002032576,W3_12-14天_外部-平均_MEAN,0.098866245,
"[2.15, 3.15)",42,0.103960396,21,21,0.5,-1.383203169,0.268678611,0.03113998,W3_12-14天_外部-平均_MEAN,0.115316291,
"[3.15, 4.55)",64,0.158415842,47,17,0.265625,-0.366268911,0.023575158,0.002930532,W3_12-14天_外部-平均_MEAN,0.102329316,
"[4.55, 4.95)",21,0.051980198,17,4,0.19047619,0.063715814,0.000207004,2.59e-05,W3_12-14天_外部-平均_MEAN,0.102084138,
"[4.95, 6.25)",59,0.146039604,48,11,0.186440678,0.09010257,0.001153704,0.000144164,W3_12-14天_外部-平均_MEAN,0.089333781,
"[6.25, 8.60)",51,0.126237624,44,7,0.137254902,0.455076316,0.022664237,0.002808834,W3_12-14天_外部-平均_MEAN,0.077109679,
"[8.60, inf)",113,0.27970297,106,7,0.061946903,1.334325777,0.322578089,0.037574249,W3_12-14天_外部-平均_MEAN,0.072818432,
,404,1.0,323,81,0.2004950495049505,,0.65519264,0.076656235,W3_12-14天_外部-平均_MEAN,0.08986800519306931,
"(-inf, 2.75)",93,0.23019802,59,34,0.365591398,-0.832026249,0.197265559,0.023970683,W3_15-17天_外部-平均_MEAN,0.11431288,
"[2.75, 4.05)",54,0.133663366,35,19,0.351851852,-0.772294086,0.097470285,0.01188975,W3_15-17天_外部-平均_MEAN,0.104692486,
"[4.05, 5.25)",42,0.103960396,30,12,0.285714286,-0.466912437,0.025805733,0.003196731,W3_15-17天_外部-平均_MEAN,0.100109118,
"[5.25, 7.25)",89,0.22029703,80,9,0.101123596,0.801598889,0.109471881,0.013328999,W3_15-17天_外部-平均_MEAN,0.074813334,
"[7.25, 9.35)",63,0.155940594,62,1,0.015873016,2.743931216,0.492823177,0.047498576,W3_15-17天_外部-平均_MEAN,0.070923561,
"[9.35, inf)",63,0.155940594,57,6,0.095238095,0.86808863,0.08888925,0.010774913,W3_15-17天_外部-平均_MEAN,0.074460761,
,404,1.0,323,81,0.2004950495049505,,1.011725885,0.110659652,W3_15-17天_外部-平均_MEAN,0.08986800507920792,
"[-inf, 3.65)",141,0.349009900990099,97,44,0.3120567375886525,-0.5926818239650959,0.14396258041119842,0.017736478,W3_18-20天_外部-平均_MEAN,0.108051728,
"[3.65, 4.55)",55,0.13613861386138615,41,14,0.2545454545454545,-0.30868843146116853,0.014170194785952045,0.001764275,W3_18-20天_外部-平均_MEAN,0.091385696,
"[4.55, 10.15)",169,0.4183168316831683,148,21,0.1242603550295858,0.5694866674904744,0.11329656783579557,0.016588019,W3_18-20天_外部-平均_MEAN,0.07906193084615386,
"[10.15, inf)",39,0.09653465346534654,37,2,0.05128205128205128,1.5345675635340614,0.137895820122638,0.015722709,W3_18-20天_外部-平均_MEAN,0.068812843,
,404,1.0,323,81,0.2004950495049505,,0.40932516315558404,0.051811481,W3_18-20天_外部-平均_MEAN,0.08986800524257427,
"[-inf, 6.45)",305,0.754950495049505,231,74,0.24262295081967214,-0.24485055123259386,0.04858079010237336,0.006788502,W3_21-23天_外部-平均_MEAN,0.09634894651475409,
"[6.45, 8.65)",43,0.10643564356435643,39,4,0.09302325581395349,0.8940641164595382,0.06380069966861437,0.007719649,W3_21-23天_外部-平均_MEAN,0.073011948,
"[8.65, inf)",56,0.13861386138613863,53,3,0.05357142857142857,1.4884764563337944,0.18911041321154046,0.0216729,W3_21-23天_外部-平均_MEAN,0.067513065,
,404,1.0,323,81,0.2004950495049505,,0.3014919029825282,0.036181051,W3_21-23天_外部-平均_MEAN,0.08986800517574257,
